"Root","Sheely","Female","1987-01-29",,"root@gmail.com","frgveav","gbnherhreh","48","2017-08-07 21:47:27"
"Dane ","Brewer","male","1984-07-09","Iceland","Dane.Brewer@gmail.com","DaneBrewer.co.in","ligula. Aenean euismod mauris eu elit. Nulla facilisi. Sed neque.","14","2017-08-03 16:13:03"
"Brody ","Hobbs","male","1984-06-17","New Zealand","BrodyHobbs@gmail.com","BrodyHobbs.com","ligula. Aenean euismod mauris eu elit. Nulla facilisi. Sed neque.","13","2017-08-03 16:14:43"
"Malcolm ","Sampson","male","1984-04-18","Japan","Malcolmsampson@gmail.com","MalcolmSampson.net","ligula. Aenean euismod mauris eu elit. Nulla facilisi. Sed neque.","12","2017-08-03 16:16:27"
"Andrew ","Hurst","male","1980-07-29","Indo","Andrew@gmail.com","AndrewHurst.com","ligula. Aenean euismod mauris eu elit. Nulla facilisi. Sed neque.","1","2017-08-03 16:17:43"
"Colin","Howard","male","1980-12-29","Guinea","Howard@gmail.com","HowardColin.com","ligula. Aenean euismod mauris eu elit. Nulla facilisi. Sed neque.","38","2017-08-03 16:19:34"
"Root","Lee","male","1977-03-03","Japan","root@gmail.com","Hi","test","19","2017-07-29 12:53:02"
"Mariam","Walls","female","1987-07-06","Taiwan","Walls@gmail.com","Mariamwalls.com","ligula. Aenean euismod mauris eu elit. Nulla facilisi. Sed neque.","20","2017-08-03 16:20:42"
"Nehru ","Lewis","male","1984-07-06","Combodia","Nehru@gmail.com","nehrulewis@yahoo.com","ligula. Aenean euismod mauris eu elit. Nulla facilisi. Sed neque.","21","2017-08-03 16:23:48"
"Levi ","Dennis","female","1976-01-29","US","levi@yahoo.com","Dennis.co.in","ligula. Aenean euismod mauris eu elit. Nulla facilisi. Sed neque.","27","2017-08-03 16:23:30"
"Jelani ","Mccray","female","1987-07-06","Peru","Jelani@gmail.com","JelaniMccray.com","ligula. Aenean euismod mauris eu elit. Nulla facilisi. Sed neque.","23","2017-08-03 16:25:31"
"Alexander ","Nichols","female","1978-12-31","Iraq","Alexander@yahoo.com","Alexander.co.in","ligula. Aenean euismod mauris eu elit. Nulla facilisi. Sed neque.","26","2017-08-03 16:27:01"
"Francis ","Morris","female","1985-02-18","Portugal","Morris@gmail.com","FrancisMorris.com","ligula. Aenean euismod mauris eu elit. Nulla facilisi. Sed neque.","24","2017-08-03 16:28:39"
"Zachary ","Cooper","female","1982-05-04","Thailand","Cooper@gmail.com","Cooper.net","ligula. Aenean euismod mauris eu elit. Nulla facilisi. Sed neque.","39","2017-08-03 16:29:44"
"Melyssa ","Burt","female","1988-01-01","America","Burt.Melyssa@gmail.com","MelyssaBurt.net","ligula. Aenean euismod mauris eu elit. Nulla facilisi. Sed neque.","29","2017-08-03 16:30:58"
"Nehru ","Hardy","male","1989-08-06","Afghanistan","Hardy@gmail.com","HardyNehru.co.in","ligula. Aenean euismod mauris eu elit. Nulla facilisi. Sed neque.","40","2017-08-03 16:33:22"
"Ferris","Adams","female","1977-12-31","Bhutan","Ferris@gmail.com","Ferris.com","ligula. Aenean euismod mauris eu elit. Nulla facilisi. Sed neque.","34","2017-08-03 16:34:44"
"Abbot ","Britt","female","1983-06-17","Antarctica","Abbot@gmail.com","Abbot.co.in","ligula. Aenean euismod mauris eu elit. Nulla facilisi. Sed neque.","35","2017-08-03 16:35:54"
"Alice ","Battle","Female","1985-11-09","France","Alice@gmail.com","AliceBattle.co.in","ligula. Aenean euismod mauris eu elit. Nulla facilisi. Sed neque.","44","2017-08-06 08:26:59"
"Zenia ","Sellers","Female","1987-09-10","Netherlands","Zenia@gmail.com","ZeniaSellers.com","ligula. Aenean euismod mauris eu elit. Nulla facilisi. Sed neque.","42","2017-08-06 08:23:23"
"Nathaniel ","Clark","Male","1985-01-31","UA","Nathaniel@yahoo.com","Natheniel.com","pellentesque. Sed dictum. Proin eget odio. Aliquam vulputate ullamcorper magna.
","87","2017-08-08 22:11:17"
"Glenna ","Black","Male","1981-07-23","JM","Glenna@yahoo.com","Glenna.co.in","Integer sem elit, pharetra ut, pharetra sed, hendrerit a, arcu.","88","2017-08-08 22:19:09"
